Domain,Status,Attractiveness,Demand,Length,Sectors,Created,Expires,Registrar
brief.vip,available,124,19%,5,"Business,Education,General,Law",,,
second.vip,available,120,23%,6,"General,Mathematics",,,
complete.vip,resell,120,21%,8,"Manufacturing,Retail,Technology",06/08/2020 19:32,06/08/2026 19:32,"Chengdu West Dimension Digital Technology Co., Ltd."
tenth.vip,available,116,7%,5,Mathematics,,,
equal.vip,available,116,19%,5,"Education,General,Law",,,
tonic.vip,resell,114,22%,5,"Health and Fitness,Medicine,Science",30/06/2016 10:03,30/06/2026 10:03,Alibaba Cloud Computing Ltd. d/b/a HiChina (www.net.cn)
hotshot.vip,available,112,14%,7,"Business,Entertainment,Sports",,,
acute.vip,available,112,9%,5,"Mathematics,Medicine,Science",,,
above.vip,available,112,22%,5,Business,,,
abstract.vip,available,108,29%,8,"Arts,Humanities,Science",,,
abiding.vip,available,106,5%,7,"General,Religion",,,
teen.vip,resell,104,14%,4,"Education,Entertainment,Healthcare",30/04/2021 08:44,30/04/2026 08:44,"Chengdu West Dimension Digital Technology Co., Ltd."
expert.vip,resell,104,26%,6,"Business,Education,Technology",22/05/2018 04:21,22/05/2027 04:21,"GoDaddy.com, LLC"
extra.vip,available,102,26%,5,"Fashion,Retail,Technology",,,
eight.vip,available,102,23%,5,"General,Mathematics",,,
absent.vip,available,102,8%,6,"Business,Education,Technology",,,
captive.vip,available,102,14%,7,"Entertainment,Hospitality,Technology",,,
sixth.vip,available,100,8%,5,Mathematics,,,
abrupt.vip,available,100,3%,6,"Medicine,Science",,,
adjunct.vip,available,100,5%,7,Education,,,
whiz.vip,available,100,12%,4,"Business,Education,Technology",,,
eighth.vip,available,100,6%,6,Mathematics,,,
ninth.vip,available,100,9%,5,Mathematics,,,
third.vip,available,100,16%,5,Mathematics,,,
whizz.vip,available,98,11%,5,"Business,Education,Technology",,,
alamode.vip,available,96,12%,9,Fashion,,,
academic.vip,available,96,20%,8,"Education,Humanities,Science",,,
forgiving.vip,available,96,3%,9,"Healthcare,Religion",,,
virtuoso.vip,available,94,16%,8,"Arts,Entertainment",,,
adequate.vip,available,94,9%,8,"Education,Healthcare,Technology",,,
exemplary.vip,available,92,5%,9,"Business,Education,Healthcare",,,
derelict.vip,available,92,7%,8,"Construction,Real Estate",,,
adjective.vip,available,92,5%,9,Education,,,
neutral.vip,available,92,20%,7,"Business,Media,Politics",,,
nought.vip,available,92,4%,6,Mathematics,,,
twentieth.vip,available,92,3%,9,Mathematics,,,
riveting.vip,available,90,6%,8,"Entertainment,Media,Technology",,,
endearing.vip,available,90,1%,9,"Entertainment,Fashion,Retail",,,
abortive.vip,available,90,1%,8,"Medicine,Science",,,
additional.vip,available,90,8%,10,"Fashion,Retail,Technology",,,
adoring.vip,available,90,2%,7,"Entertainment,Fashion,Retail",,,
addictive.vip,available,90,9%,9,Healthcare,,,
gripping.vip,available,90,3%,8,"Entertainment,Media,Technology",,,
leash.vip,available,90,7%,5,"General,Health and Fitness,Retail",,,
three.vip,available,88,24%,5,Mathematics,,,
ten.vip,available,88,28%,3,"General,Mathematics",,,
activist.vip,available,88,12%,8,"Humanities,Politics",,,
fifteen.vip,available,88,13%,7,Mathematics,,,
proficient.vip,available,88,8%,10,"Education,Health and Fitness,Sports",,,
twelve.vip,available,88,18%,6,"General,Mathematics",,,
sixteen.vip,available,88,11%,7,Mathematics,,,
adlib.vip,available,88,7%,6,Entertainment,,,
xiv.vip,available,86,12%,3,Mathematics,,,
aboriginal.vip,available,86,10%,10,Humanities,,,
cipher.vip,available,86,29%,6,Mathematics,,,
xix.vip,available,86,11%,3,Mathematics,,,
extempore.vip,available,86,3%,9,Entertainment,,,
intent.vip,resell,86,25%,6,"Business,Education,Technology",26/09/2023 05:48,26/09/2034 05:48,"Chengdu West Dimension Digital Technology Co., Ltd."
engrossing.vip,available,86,0%,10,"Entertainment,Media,Technology",,,
adolescent.vip,available,86,3%,10,"Education,Entertainment,Healthcare",,,
attendant.vip,available,86,5%,9,"Healthcare,Hospitality,Transportation",,,
accessory.vip,available,84,8%,9,"Fashion,Retail,Technology",,,
acting.vip,available,84,12%,6,Entertainment,,,
adjustable.vip,available,84,3%,10,"Manufacturing,Retail,Technology",,,
deviate.vip,available,84,12%,7,"Medicine,Science",,,
thirteen.vip,expiring,84,10%,8,Mathematics,20/08/2020 00:34,20/08/2025 00:34,Alibaba Cloud Computing Ltd. d/b/a HiChina (www.net.cn)
fourteen.vip,available,84,8%,8,Mathematics,,,
twentytwo.vip,available,84,11%,10,Mathematics,,,
seventeen.vip,available,84,7%,9,Mathematics,,,
nineteen.vip,available,84,8%,8,Mathematics,,,
sharp.vip,available,84,34%,5,"Arts,Fashion",,,
cleansing.vip,available,82,3%,9,Health and Fitness,,,
altered.vip,available,82,9%,7,"Medicine,Science",,,
enduring.vip,available,82,9%,8,"Health and Fitness,Religion",,,
abroach.vip,available,82,1%,7,Food and Beverage,,,
decade.vip,available,82,10%,6,Mathematics,,,
abdominal.vip,available,82,1%,9,"Health and Fitness,Medicine",,,
fivesome.vip,available,82,1%,8,Sports,,,
absorbent.vip,available,82,3%,9,"Healthcare,Manufacturing,Retail",,,
abkhaz.vip,available,82,1%,6,Geography,,,
abenaki.vip,available,82,2%,7,Geography,,,
dozen.vip,available,82,10%,5,Mathematics,,,
dorsal.vip,available,80,6%,6,"Medicine,Science",,,
yard.vip,available,80,26%,4,"Construction,General",,,
wiz.vip,available,80,30%,3,"Business,Education,Technology",,,
forty.vip,available,80,9%,5,Mathematics,,,
adoptable.vip,available,80,3%,9,"Education,Healthcare",,,
seventh.vip,available,80,10%,7,Mathematics,,,
absorbable.vip,available,80,0%,10,"Healthcare,Pharmaceuticals,Science",,,
sequent.vip,available,80,7%,7,"Healthcare,Insurance,Transportation",,,
trio.vip,available,80,21%,4,Entertainment,,,
worshipful.vip,available,80,1%,10,"Education,Healthcare,Religion",,,
capable.vip,available,80,12%,7,"Business,Education,Technology",,,
twenty.vip,available,80,12%,6,Mathematics,,,
absolute.vip,resell,80,25%,8,"Engineering,Mathematics,Science",03/11/2019 21:31,03/11/2025 21:31,"Xiamen ChinaSource Internet Service Co., Ltd"
abundant.vip,available,80,19%,8,"Agriculture,Manufacturing,Retail",,,
recognised.vip,available,78,3%,10,"Business,Education,Technology",,,
abounding.vip,available,78,2%,9,Agriculture,,,
adrenal.vip,available,78,4%,7,"Education,Healthcare,Science",,,
abkhazian.vip,available,78,1%,9,Geography,,,
accidental.vip,available,78,11%,10,"Healthcare,Insurance,Transportation",,,
acceptable.vip,available,78,5%,10,"Business,Hospitality,Retail",,,
dormant.vip,available,78,4%,7,"Medicine,Science",,,
sixtynine.vip,available,78,8%,10,Mathematics,,,
abkhasian.vip,available,78,1%,9,Geography,,,
accepted.vip,available,78,6%,8,"Business,Education,Technology",,,
recognized.vip,available,78,3%,10,"Business,Education,Technology",,,
acceptant.vip,available,78,1%,9,"Education,Healthcare",,,
accessible.vip,available,78,21%,10,"Healthcare,Retail,Technology",,,
honestly.vip,available,78,9%,8,"Business,Law",,,
accurate.vip,available,78,16%,8,"Engineering,Mathematics,Science",,,
absorptive.vip,available,78,1%,10,"Healthcare,Manufacturing,Retail",,,
twentysix.vip,available,78,8%,10,Mathematics,,,
adorable.vip,available,78,8%,8,"Entertainment,Fashion,Retail",,,
eighteen.vip,available,76,7%,8,Mathematics,,,
adhesive.vip,available,76,7%,8,"Construction,Manufacturing,Technology",,,
ancillary.vip,available,76,6%,9,"Healthcare,Manufacturing,Technology",,,
energizing.vip,available,76,3%,10,"Food and Beverage,Health and Fitness,Travel",,,
adipose.vip,available,76,2%,7,"Healthcare,Science",,,
incidental.vip,available,76,4%,10,"Healthcare,Insurance,Transportation",,,
thousandth.vip,available,76,1%,10,Mathematics,,,
adherent.vip,available,76,4%,8,"Politics,Religion",,,
ague.vip,available,76,2%,4,"Geography,Medicine,Science",,,
fifteenth.vip,available,76,2%,9,Mathematics,,,
nineteenth.vip,available,76,3%,10,Mathematics,,,
firstrate.vip,available,76,6%,10,Business,,,
adaptive.vip,available,76,28%,8,"Business,Education,Technology",,,
auxiliary.vip,available,76,7%,9,"Healthcare,Manufacturing,Technology",,,
fourteenth.vip,available,76,1%,10,Mathematics,,,
ventral.vip,available,76,3%,7,Science,,,
obscene.vip,available,76,5%,7,"Entertainment,Media",,,
thirteenth.vip,available,76,4%,10,Mathematics,,,
improvise.vip,available,76,4%,9,Entertainment,,,
hundredth.vip,available,76,1%,9,Mathematics,,,
resultant.vip,available,76,2%,9,"Healthcare,Insurance,Transportation",,,
abrasive.vip,available,76,6%,8,"Construction,Manufacturing",,,
addable.vip,available,76,2%,7,"Engineering,Mathematics,Science",,,
adaptable.vip,available,76,9%,9,"Business,Education,Technology",,,
aberrant.vip,available,74,6%,8,"Medicine,Science",,,
realizable.vip,available,74,1%,10,"Business,Education,Technology",,,
supra.vip,available,74,25%,5,"Medicine,Science",,,
adamant.vip,available,74,14%,7,Religion,,,
accepting.vip,available,74,3%,9,"Education,Healthcare",,,
adenoid.vip,available,74,1%,7,"Health and Fitness,Medicine,Science",,,
abnormal.vip,expiring,74,16%,8,"Medicine,Science",17/09/2021 10:14,17/09/2025 10:14,Go France Domains Inc
manageable.vip,available,74,4%,10,"Business,Education,Technology",,,
acuate.vip,available,74,2%,6,"Engineering,Medicine,Science",,,
mavin.vip,available,74,7%,5,"Entertainment,Fashion,Technology",,,
sensation.vip,available,74,7%,9,"Entertainment,Media,Sports",,,
cleared.vip,available,74,7%,7,"Healthcare,Law,Transportation",,,
achievable.vip,available,74,4%,10,"Business,Education,Technology",,,
activated.vip,available,74,9%,9,"Healthcare,Manufacturing,Technology",,,
adrenergic.vip,available,74,1%,10,"Education,Healthcare,Science",,,
single.vip,resell,74,19%,6,Sports,23/01/2021 00:11,23/01/2026 00:11,Alibaba Cloud Computing Ltd. d/b/a HiChina (www.net.cn)
adapted.vip,available,74,6%,7,"Healthcare,Manufacturing,Technology",,,
skilful.vip,available,74,3%,7,"Education,Health and Fitness,Sports",,,
ninetieth.vip,available,72,1%,9,Mathematics,,,
sixtieth.vip,available,72,1%,8,Mathematics,,,
seventieth.vip,available,72,1%,10,Mathematics,,,
trey.vip,available,72,14%,4,Sports,,,
adaptative.vip,available,72,1%,10,"Business,Education,Technology",,,
absorbed.vip,available,72,2%,8,"Entertainment,Media,Technology",,,
accusative.vip,available,72,0%,10,"Humanities,Law",,,
improvize.vip,available,72,1%,9,Entertainment,,,
adjunctive.vip,available,72,1%,10,"Healthcare,Manufacturing,Technology",,,
abreast.vip,available,72,2%,7,"Business,Technology",,,
ternary.vip,available,72,7%,7,Mathematics,,,
adonic.vip,available,72,2%,6,"Arts,Education,Entertainment",,,
trinity.vip,available,72,18%,7,Religion,,,
accustomed.vip,available,72,1%,10,"Business,Education,Humanities",,,
adiabatic.vip,available,72,3%,9,"Engineering,Science",,,
eightieth.vip,available,72,1%,9,Mathematics,,,
abloom.vip,available,72,5%,6,Agriculture,,,
existent.vip,available,72,3%,8,"Mathematics,Science",,,
aching.vip,available,72,4%,6,Healthcare,,,
addicted.vip,available,72,9%,8,Healthcare,,,
lovely.vip,resell,72,26%,6,"Entertainment,Fashion,Retail",17/05/2016 16:01,17/05/2026 16:01,"Chengdu West Dimension Digital Technology Co., Ltd."
engrossed.vip,available,72,1%,9,"Entertainment,Media,Technology",,,
adjectival.vip,available,72,1%,10,Education,,,
absolutist.vip,available,72,1%,10,"Humanities,Law,Politics",,,
adjusted.vip,available,70,5%,8,"Manufacturing,Retail,Technology",,,
absorbing.vip,available,70,3%,9,"Entertainment,Media,Technology",,,
tiptop.vip,expiring,70,24%,6,Fashion,19/08/2017 16:09,19/08/2025 16:09,Alibaba Cloud Computing Ltd. d/b/a HiChina (www.net.cn)
lowdown.vip,available,70,6%,8,"Entertainment,Media",,,
adored.vip,available,70,6%,6,"Entertainment,Fashion,Retail",,,
miserable.vip,available,70,4%,9,Humanities,,,
skillful.vip,available,70,9%,8,"Education,Health and Fitness,Sports",,,
abulic.vip,available,70,1%,6,Medicine,,,
stillborn.vip,available,70,2%,9,"Medicine,Science",,,
accumbent.vip,available,70,1%,9,"Healthcare,Medicine,Science",,,
acuminate.vip,available,70,1%,9,"Engineering,Medicine,Science",,,
practiced.vip,available,70,3%,9,"Education,Health and Fitness,Sports",,,
adamantine.vip,available,70,4%,10,Religion,,,
offhand.vip,available,70,2%,7,Entertainment,,,
consequent.vip,available,70,3%,10,"Business,Education,General,Technology",,,
gymnastic.vip,available,70,3%,9,"Entertainment,Sports",,,
recumbent.vip,available,70,2%,9,"Healthcare,Medicine,Science",,,
admired.vip,available,70,5%,7,"Business,Education,Healthcare",,,
abradant.vip,available,70,1%,8,"Construction,Manufacturing",,,
licensed.vip,available,68,5%,8,"Business,Healthcare,Insurance",,,
octonary.vip,available,68,1%,8,Mathematics,,,
decorated.vip,available,68,3%,9,"Entertainment,Fashion,Retail",,,
stygian.vip,available,68,5%,7,Humanities,,,
abnaki.vip,available,68,1%,6,Geography,,,
vindicated.vip,available,68,2%,10,"Humanities,Law,Politics",,,
sevener.vip,available,68,1%,7,Mathematics,,,
abducent.vip,available,68,0%,8,Medicine,,,
aculeate.vip,available,68,1%,8,"Engineering,Medicine,Science",,,
ablative.vip,available,68,3%,8,Science,,,
ennead.vip,available,68,5%,6,Mathematics,,,
accredited.vip,available,68,9%,10,"Business,Education,Healthcare",,,
septenary.vip,available,68,1%,9,Mathematics,,,
scurvy.vip,available,68,3%,6,Humanities,,,
fortieth.vip,available,68,0%,8,Mathematics,,,
aberdonian.vip,available,68,1%,10,Geography,,,
aroused.vip,available,68,3%,7,"Entertainment,Health and Fitness",,,
fiftieth.vip,available,68,0%,8,Mathematics,,,
licenced.vip,available,68,2%,8,"Business,Healthcare,Insurance",,,
achaean.vip,available,68,2%,7,Humanities,,,
activating.vip,available,68,3%,10,"Healthcare,Manufacturing,Technology",,,
achaian.vip,available,68,2%,7,Humanities,,,
abkhas.vip,available,68,0%,6,Geography,,,
overseas.vip,available,68,12%,8,"Hospitality,Travel",,,
foursome.vip,available,68,4%,8,Sports,,,
thirtieth.vip,available,68,1%,9,Mathematics,,,
acerate.vip,available,68,1%,7,Science,,,
fifty.vip,available,66,12%,5,Mathematics,,,
sextet.vip,available,66,1%,6,Entertainment,,,
acappella.vip,available,66,6%,10,Entertainment,,,
clv.vip,available,66,10%,3,Mathematics,,,
accessary.vip,available,66,1%,9,"Business,Law,Technology",,,
acervate.vip,available,66,1%,8,Science,,,
exonerated.vip,available,66,2%,10,"Humanities,Law,Politics",,,
six.vip,available,66,26%,3,Mathematics,,,
buzzing.vip,available,66,7%,7,"Entertainment,Media,Technology",,,
onec.vip,available,66,6%,5,Mathematics,,,
xxv.vip,available,66,6%,3,Mathematics,,,
modish.vip,available,66,5%,6,Fashion,,,
abstinent.vip,available,66,1%,9,"Health and Fitness,Religion",,,
xxii.vip,available,66,6%,4,Mathematics,,,
adopted.vip,available,66,4%,7,"Education,Healthcare",,,
tenner.vip,available,66,5%,6,Finance,,,
eighty.vip,available,66,6%,6,Mathematics,,,
latest.vip,available,66,18%,6,Technology,,,
xxi.vip,available,66,10%,3,Mathematics,,,
xvii.vip,available,66,5%,4,Mathematics,,,
acrobatic.vip,available,66,4%,9,"Entertainment,Sports",,,
xiii.vip,available,66,9%,4,Mathematics,,,
xxvi.vip,available,66,3%,4,Mathematics,,,
performing.vip,available,66,6%,10,Entertainment,,,
xviii.vip,available,66,5%,5,Mathematics,,,
deuce.vip,available,66,9%,5,Sports,,,
xvi.vip,available,66,5%,3,Mathematics,,,
teenager.vip,available,66,4%,8,"Education,Entertainment,Healthcare",,,
according.vip,available,66,3%,9,"Business,Education,Technology",,,
deviant.vip,available,64,12%,7,"Medicine,Science",,,
astringent.vip,available,64,1%,10,"Healthcare,Pharmaceuticals",,,
aflame.vip,available,64,3%,6,Entertainment,,,
nondrinker.vip,available,64,1%,10,"Health and Fitness,Religion",,,
absolved.vip,available,64,1%,8,"Humanities,Law,Religion",,,
acentric.vip,available,64,2%,8,Science,,,
scatty.vip,available,64,1%,6,"Arts,Entertainment,Media",,,
adagio.vip,available,64,14%,6,Entertainment,,,
accordant.vip,available,64,3%,9,"Arts,Entertainment",,,
activistic.vip,available,62,1%,10,"Humanities,Politics",,,
twodozen.vip,available,62,1%,9,Mathematics,,,
wrapped.vip,available,62,13%,7,"Fashion,Hospitality,Retail",,,
abo.vip,available,62,15%,3,Science,,,
eleventh.vip,available,62,5%,8,Mathematics,,,
aufait.vip,available,62,3%,7,"Fashion,Media",,,
cumulative.vip,available,62,2%,10,"Banking,Finance,Insurance",,,
accusing.vip,available,62,1%,8,Law,,,
fortyfour.vip,available,62,6%,10,Mathematics,,,
exculpated.vip,available,62,1%,10,"Humanities,Law,Politics",,,
sixteenth.vip,available,62,1%,9,Mathematics,,,
troika.vip,available,62,8%,6,Politics,,,
pungent.vip,available,62,1%,7,Food and Beverage,,,
longdozen.vip,available,62,2%,10,Mathematics,,,
admissible.vip,available,62,1%,10,"Education,Healthcare,Law",,,
adoptive.vip,available,62,1%,8,"Education,Healthcare",,,
accrued.vip,available,62,2%,7,"Banking,Finance,Insurance",,,
quartet.vip,available,62,7%,7,"Arts,Entertainment",,,
acidic.vip,available,62,5%,6,"Food and Beverage,Science",,,
eighteenth.vip,available,62,1%,10,Mathematics,,,
ensuant.vip,available,62,1%,7,"Healthcare,Insurance,Transportation",,,
playacting.vip,available,62,1%,10,Entertainment,,,
chiliad.vip,available,62,2%,7,Mathematics,,,
adjuvant.vip,available,62,5%,8,"Healthcare,Manufacturing,Technology",,,
aborigine.vip,available,62,1%,9,Humanities,,,
orso.vip,available,62,9%,5,"Business,Media,Technology",,,
paunchy.vip,available,60,0%,7,"Health and Fitness,Medicine",,,
abstainer.vip,available,60,0%,9,"Health and Fitness,Religion",,,
abashed.vip,available,60,1%,7,Humanities,,,
clx.vip,expiring,60,10%,3,Mathematics,31/08/2016 13:42,31/08/2025 13:42,"22net, Inc."
cxv.vip,available,60,4%,3,Mathematics,,,
idolised.vip,available,60,1%,8,"Entertainment,Fashion,Retail",,,
xcl.vip,expiring,60,5%,3,Mathematics,31/08/2016 13:26,31/08/2025 13:26,"22net, Inc."
cxxv.vip,available,60,1%,4,Mathematics,,,
octet.vip,available,60,12%,5,Arts,,,
clxv.vip,available,60,1%,4,Mathematics,,,
eightysix.vip,available,60,7%,10,Mathematics,,,
adnexal.vip,available,60,1%,7,"Agriculture,Manufacturing,Retail",,,
clxxv.vip,available,60,1%,5,Mathematics,,,
tertiary.vip,available,60,4%,8,Education,,,
adnate.vip,available,60,1%,6,"Agriculture,Manufacturing,Retail",,,
aboveboard.vip,available,60,5%,10,"Business,Law",,,
cxl.vip,expiring,60,7%,3,Mathematics,31/08/2016 13:41,31/08/2025 13:41,"22net, Inc."
abstemious.vip,available,60,0%,10,"Food and Beverage,Health and Fitness,Hospitality",,,
cautionary.vip,available,60,1%,10,"Business,Education,Healthcare",,,
thou.vip,available,60,7%,4,Mathematics,,,
sixty.vip,available,60,13%,5,Mathematics,,,
cxxxv.vip,available,60,2%,5,Mathematics,,,
clxxx.vip,available,60,1%,5,Mathematics,,,
annexal.vip,available,60,1%,7,"Agriculture,Manufacturing,Retail",,,
acceptive.vip,available,60,1%,9,"Education,Healthcare",,,
cxlv.vip,available,60,2%,4,Mathematics,,,
tercet.vip,available,59,2%,6,"Arts,Entertainment,Media",,,
addible.vip,available,58,2%,7,"Engineering,Mathematics,Science",,,
pentad.vip,available,58,2%,6,Mathematics,,,
adjustive.vip,available,58,1%,9,"Manufacturing,Retail,Technology",,,
sextuplet.vip,available,58,1%,9,Healthcare,,,
quintet.vip,available,58,8%,7,"Arts,Entertainment",,,
centesimal.vip,available,58,1%,10,Mathematics,,,
lxxx.vip,available,58,2%,4,Mathematics,,,
accented.vip,available,58,3%,8,"Arts,Entertainment",,,
heptad.vip,available,58,1%,6,Mathematics,,,
closeto.vip,available,58,3%,8,"Business,Media,Technology",,,
fifth.vip,available,58,12%,5,Mathematics,,,
justabout.vip,available,58,3%,10,"Business,Media,Technology",,,
addressed.vip,available,58,3%,9,"Business,Technology,Telecommunications",,,
adient.vip,available,58,4%,6,"Medicine,Science",,,
eighter.vip,available,58,2%,7,Mathematics,,,
sixer.vip,available,58,5%,5,Sports,,,
seven.vip,resell,58,36%,5,Mathematics,15/08/2020 01:57,15/08/2026 01:57,Go Canada Domains Inc
actuarial.vip,available,58,8%,9,"Finance,Insurance,Mathematics",,,
abuzz.vip,available,58,5%,5,"Entertainment,Media,Technology",,,
fourth.vip,available,58,13%,6,Mathematics,,,
alacarte.vip,available,58,11%,10,Food and Beverage,,,
fourscore.vip,available,58,4%,9,Mathematics,,,
twelfth.vip,available,58,2%,7,Mathematics,,,
accoutred.vip,available,58,1%,9,"Fashion,Manufacturing,Retail",,,
niner.vip,available,58,5%,5,Mathematics,,,
enwrapped.vip,available,58,0%,9,"Entertainment,Fashion,Media",,,
acetic.vip,available,58,1%,6,"Food and Beverage,Science",,,
seventy.vip,available,58,7%,7,Mathematics,,,
abandoned.vip,available,58,10%,9,"Construction,Real Estate",,,
sixtyone.vip,available,58,3%,9,Mathematics,,,
octad.vip,available,58,5%,5,Mathematics,,,
hexad.vip,available,58,4%,5,Mathematics,,,
aucourant.vip,available,58,3%,10,"Fashion,Media",,,
offhanded.vip,available,58,1%,9,Entertainment,,,
acyclic.vip,available,58,4%,7,"Engineering,Mathematics,Science",,,
abridged.vip,available,58,4%,8,Media,,,
abused.vip,available,58,5%,6,"Healthcare,Law",,,
lxxviii.vip,available,58,1%,7,Mathematics,,,
tetrad.vip,available,58,5%,6,Mathematics,,,
accretive.vip,available,58,6%,9,"Banking,Finance,Insurance",,,
ache.vip,available,58,7%,4,Healthcare,,,
fiftyfour.vip,available,56,3%,10,Mathematics,,,
fortysix.vip,available,56,3%,9,Mathematics,,,
lviii.vip,available,56,1%,5,Mathematics,,,
xli.vip,available,56,5%,3,Mathematics,,,
xxxiv.vip,available,56,1%,5,Mathematics,,,
thirtyone.vip,available,56,5%,10,Mathematics,,,
xxiii.vip,available,56,5%,5,Mathematics,,,
halfdozen.vip,available,56,1%,10,Mathematics,,,
fiftyfive.vip,available,56,7%,10,Mathematics,,,
xxiv.vip,available,56,5%,4,Mathematics,,,
xlii.vip,available,56,5%,4,Mathematics,,,
xxxiii.vip,available,56,2%,6,Mathematics,,,
thirtysix.vip,available,56,5%,10,Mathematics,,,
liii.vip,available,56,4%,4,Mathematics,,,
accoutered.vip,available,56,0%,10,"Fashion,Manufacturing,Retail",,,
fiftyone.vip,available,56,7%,9,Mathematics,,,
abeyant.vip,available,56,1%,7,"Business,Law",,,
xliii.vip,available,56,1%,5,Mathematics,,,
xlv.vip,available,56,6%,3,Mathematics,,,
lvi.vip,available,56,8%,3,Mathematics,,,
xxviii.vip,available,56,1%,6,Mathematics,,,
appressed.vip,available,56,0%,9,"Agriculture,Manufacturing,Retail",,,
abdominous.vip,available,56,0%,10,"Health and Fitness,Medicine",,,
admissive.vip,available,56,1%,9,"Education,Healthcare,Hospitality",,,
triad.vip,available,56,15%,5,Arts,,,
ilx.vip,available,56,5%,3,Mathematics,,,
xxxv.vip,available,56,4%,4,Mathematics,,,
fiftynine.vip,available,56,4%,10,Mathematics,,,
lii.vip,available,56,7%,3,Mathematics,,,
admittable.vip,available,56,1%,10,"Education,Healthcare,Hospitality",,,
xlviii.vip,available,56,1%,6,Mathematics,,,
fortyone.vip,available,56,4%,9,Mathematics,,,
xxvii.vip,available,56,3%,5,Mathematics,,,
xlvii.vip,available,56,2%,5,Mathematics,,,
xxxvii.vip,available,56,2%,6,Mathematics,,,
xxix.vip,available,56,4%,4,Mathematics,,,
admittible.vip,available,56,1%,10,"Education,Healthcare,Hospitality",,,
fiftysix.vip,available,56,4%,9,Mathematics,,,
thirtytwo.vip,available,56,5%,10,Mathematics,,,
fortytwo.vip,available,56,17%,9,Mathematics,,,
xxxii.vip,available,56,1%,5,Mathematics,,,
addled.vip,available,56,2%,6,Entertainment,,,
potbellied.vip,available,56,0%,10,"Health and Fitness,Medicine",,,
terzetto.vip,available,56,3%,8,Arts,,,
maledict.vip,available,56,1%,8,Religion,,,
fortynine.vip,available,56,3%,10,Mathematics,,,
aone.vip,available,56,15%,5,Food and Beverage,,,
xxxviii.vip,available,56,1%,7,Mathematics,,,
fiftytwo.vip,available,56,6%,9,Mathematics,,,
xxxvi.vip,available,56,1%,5,Mathematics,,,
lvii.vip,available,56,1%,4,Mathematics,,,
xlvi.vip,available,56,3%,4,Mathematics,,,
unnatural.vip,available,54,4%,9,"Medicine,Science",,,
ternion.vip,available,54,3%,7,Mathematics,,,
quatern.vip,available,54,2%,7,Mathematics,,,
threescore.vip,available,54,1%,10,Mathematics,,,
abaxial.vip,available,54,1%,7,Science,,,
deserted.vip,available,54,3%,8,"Hospitality,Real Estate",,,
iii.vip,available,54,24%,3,Mathematics,,,
quaternion.vip,available,54,6%,10,Mathematics,,,
abient.vip,available,54,1%,6,Science,,,
monitory.vip,available,54,3%,8,"Business,Education,Healthcare",,,
adpressed.vip,available,54,0%,9,"Agriculture,Manufacturing,Retail",,,
adductive.vip,available,54,0%,9,"Engineering,Mathematics,Science",,,
achromatic.vip,available,54,4%,10,Science,,,
adducent.vip,available,54,1%,8,"Engineering,Mathematics,Science",,,
acoustical.vip,available,54,4%,10,Science,,,
quintuplet.vip,available,54,1%,10,"Healthcare,Medicine,Science",,,
abasic.vip,available,54,1%,6,Science,,,
quadruplet.vip,available,54,1%,10,"Healthcare,Medicine,Science",,,
abatable.vip,available,54,1%,8,Law,,,
accentual.vip,available,54,3%,9,"Arts,Entertainment",,,
fortyfive.vip,available,54,4%,10,Mathematics,,,
scratchy.vip,available,54,3%,8,Fashion,,,
vii.vip,available,54,13%,3,Mathematics,,,
quaternity.vip,available,54,4%,10,Mathematics,,,
fin.vip,resell,54,30%,3,Finance,16/06/2017 07:55,16/06/2026 07:55,Alibaba Cloud Computing Ltd. d/b/a HiChina (www.net.cn)
sise.vip,available,54,5%,4,Mathematics,,,
aboral.vip,available,54,2%,6,Science,,,
abducens.vip,available,54,1%,8,Medicine,,,
adducting.vip,available,54,1%,9,"Engineering,Mathematics,Science",,,
abhorrent.vip,available,54,1%,9,Humanities,,,
twoscore.vip,available,54,2%,8,Mathematics,,,
accursed.vip,available,54,3%,8,"Entertainment,Media,Religion",,,
adjuratory.vip,available,54,0%,10,"Law,Politics,Religion",,,
deuceace.vip,available,54,2%,9,Sports,,,
admonitory.vip,available,54,0%,10,"Business,Education,Healthcare",,,
adaxial.vip,available,54,2%,7,Science,,,
abatic.vip,available,54,1%,6,Science,,,
actuated.vip,available,54,2%,8,"Automotive,Manufacturing,Technology",,,
achy.vip,available,54,3%,4,Healthcare,,,
sestet.vip,available,53,1%,6,Arts,,,
septet.vip,available,53,1%,6,General,,,
littlejoe.vip,available,52,2%,10,"Entertainment,Media",,,
lxiii.vip,available,52,2%,5,Mathematics,,,
xcv.vip,available,52,7%,3,Mathematics,,,
uphill.vip,available,52,7%,6,"Sports,Transportation,Travel",,,
lxi.vip,available,52,5%,3,Mathematics,,,
xcii.vip,available,52,2%,4,Mathematics,,,
ninetysix.vip,available,52,4%,10,Mathematics,,,
xciv.vip,available,52,2%,4,Mathematics,,,
abysmal.vip,available,52,4%,7,"Arts,Entertainment,Media",,,
detestable.vip,available,52,1%,10,Humanities,,,
odious.vip,available,52,2%,6,"Entertainment,Humanities",,,
ixc.vip,available,52,5%,3,Mathematics,,,
ablated.vip,available,52,1%,7,Science,,,
lxxxiii.vip,available,52,1%,7,Mathematics,,,
xcviii.vip,available,52,1%,6,Mathematics,,,
lxxxiv.vip,available,52,1%,6,Mathematics,,,
sixtytwo.vip,available,52,3%,9,Mathematics,,,
sixtysix.vip,available,52,4%,9,Mathematics,,,
xciii.vip,available,52,1%,5,Mathematics,,,
tierce.vip,available,52,3%,6,General,,,
aboulic.vip,available,52,1%,7,Medicine,,,
sixtyfour.vip,available,52,3%,10,Mathematics,,,
sixtyfive.vip,available,52,3%,10,Mathematics,,,
lxvii.vip,available,52,1%,5,Mathematics,,,
ninetytwo.vip,available,52,4%,10,Mathematics,,,
ninetyone.vip,available,52,5%,10,Mathematics,,,
lxviii.vip,available,52,1%,6,Mathematics,,,
lxiv.vip,available,52,3%,4,Mathematics,,,
decumbent.vip,available,52,1%,9,"Healthcare,Medicine,Science",,,
repulsive.vip,available,52,1%,9,Humanities,,,
adenoidal.vip,available,52,1%,9,"Health and Fitness,Medicine,Science",,,
xcvi.vip,available,52,2%,4,Mathematics,,,
lxxii.vip,available,52,1%,5,Mathematics,,,
abstruse.vip,available,52,5%,8,"Humanities,Mathematics,Science",,,
xci.vip,available,52,4%,3,Mathematics,,,
xcvii.vip,available,52,1%,5,Mathematics,,,
lxxxv.vip,available,52,1%,5,Mathematics,,,
eightytwo.vip,available,52,4%,10,Mathematics,,,
lxxxii.vip,available,52,1%,6,Mathematics,,,
repugnant.vip,available,52,1%,9,Humanities,,,
lxv.vip,available,52,5%,3,Mathematics,,,
ixl.vip,available,52,9%,3,Mathematics,,,
lxxxvi.vip,available,52,1%,6,Mathematics,,,
lxii.vip,available,52,1%,4,Mathematics,,,
lxxiv.vip,available,52,1%,5,Mathematics,,,
lxxxi.vip,available,52,1%,5,Mathematics,,,
abominable.vip,available,52,2%,10,"Entertainment,Humanities",,,
lxxv.vip,available,52,1%,4,Mathematics,,,
lxvi.vip,available,52,3%,4,Mathematics,,,
abusive.vip,available,52,3%,7,"Healthcare,Law",,,
lxxvi.vip,available,52,1%,5,Mathematics,,,
eightyone.vip,available,52,3%,10,Mathematics,,,
lxxi.vip,available,52,1%,4,Mathematics,,,
lxxiii.vip,available,52,1%,6,Mathematics,,,
chagrined.vip,available,52,1%,9,Humanities,,,
lxxxvii.vip,available,52,1%,7,Mathematics,,,
lxxvii.vip,available,52,2%,6,Mathematics,,,
acapnotic.vip,available,50,0%,9,"Healthcare,Medicine,Science",,,
aculeated.vip,available,50,0%,9,"Engineering,Medicine,Science",,,
abomasal.vip,available,50,0%,8,Agriculture,,,
broached.vip,available,50,0%,8,Food and Beverage,,,
adhominem.vip,available,50,2%,10,"Humanities,Law,Politics",,,
acetose.vip,available,50,1%,7,Science,,,
aborticide.vip,available,50,0%,10,Medicine,,,
acetous.vip,available,50,1%,7,Science,,,
acerbic.vip,available,50,2%,7,"Arts,Humanities,Media",,,
cinque.vip,expired,50,7%,6,Mathematics,11/08/2022 12:54,11/08/2025 12:54,InternetX GmbH
abducting.vip,available,50,0%,9,Medicine,,,
vinegary.vip,available,50,1%,8,Food and Beverage,,,
spinous.vip,available,50,1%,7,"Agriculture,Science",,,
acquitted.vip,available,50,1%,9,Law,,,
needlelike.vip,available,50,0%,10,"Engineering,Medicine,Science",,,
acapnic.vip,available,50,0%,7,"Healthcare,Medicine,Science",,,
lxx.vip,expiring,50,5%,3,Mathematics,31/08/2016 13:40,31/08/2025 13:40,"22net, Inc."
acellular.vip,available,50,1%,9,Science,,,
abranchial.vip,available,50,0%,10,Science,,,
acaudal.vip,available,50,1%,7,"Agriculture,Science",,,
acerose.vip,available,50,1%,7,Science,,,
gillless.vip,available,50,0%,9,Science,,,
adactylous.vip,available,50,0%,10,Science,,,
abdicable.vip,available,50,0%,9,Law,,,
triplet.vip,available,50,8%,7,Science,,,
ogdoad.vip,available,50,1%,6,Mathematics,,,
scummy.vip,available,50,1%,6,Humanities,,,
abbatial.vip,available,50,0%,8,Religion,,,
abactinal.vip,available,50,0%,9,Science,,,
quint.vip,available,50,13%,5,"Arts,Entertainment",,,
acerb.vip,available,50,2%,5,Science,,,
trine.vip,available,50,11%,5,"General,Religion",,,
ilxxx.vip,available,48,1%,5,Mathematics,,,
lxxxviii.vip,available,48,1%,8,Mathematics,,,
apriori.vip,available,48,13%,8,Mathematics,,,
ilxx.vip,available,48,1%,4,Mathematics,,,
abstracted.vip,available,48,5%,10,"Arts,Humanities,Science",,,
execrable.vip,available,48,0%,9,"Entertainment,Humanities",,,
abyssal.vip,available,48,12%,7,"Arts,Entertainment,Media",,,
notguilty.vip,available,48,5%,10,Law,,,
stemless.vip,available,46,2%,8,"Agriculture,Science",,,
acaudate.vip,available,46,1%,8,"Agriculture,Science",,,
acetylenic.vip,available,46,1%,10,Science,,,
acheronian.vip,available,46,1%,10,Humanities,,,
acanthotic.vip,available,46,0%,10,"Agriculture,Science",,,
achromous.vip,available,46,1%,9,Science,,,
stripling.vip,available,46,2%,9,"Education,Entertainment,Healthcare",,,
acicular.vip,available,46,2%,8,Science,,,
achromic.vip,available,46,2%,8,Science,,,
acephalous.vip,available,46,1%,10,Science,,,
acetabular.vip,available,46,1%,10,Science,,,
vinegarish.vip,available,46,1%,10,Food and Beverage,,,
acapnial.vip,available,46,0%,8,"Healthcare,Medicine,Science",,,
cotyloid.vip,available,46,1%,8,Science,,,
acetonic.vip,available,46,1%,8,Science,,,
achenial.vip,available,46,1%,8,Science,,,
acarpelous.vip,available,46,0%,10,"Agriculture,Science",,,
acetylic.vip,available,46,1%,8,Science,,,
quaternary.vip,available,46,3%,10,Mathematics,,,
acanthous.vip,available,46,0%,9,"Agriculture,Science",,,
theabsurd.vip,available,46,1%,10,"Arts,Entertainment,Media",,,
acanthoid.vip,available,46,1%,9,"Agriculture,Science",,,
acarpous.vip,available,46,0%,8,"Agriculture,Science",,,
cotyloidal.vip,available,44,1%,10,Science,,,
acherontic.vip,available,44,1%,10,Humanities,,,
accusatory.vip,available,44,1%,10,Law,,,
abscessed.vip,available,41,0%,9,Healthcare,,,
accurst.vip,available,40,1%,7,Religion,,,
accusive.vip,available,40,1%,8,Law,,,
scurrilous.vip,available,40,1%,10,"Entertainment,Media,Politics",,,